name,prompt,negative_prompt
cinematic-diva,"UHD, 8K, ultra detailed, a cinematic photograph of {prompt}, beautiful lighting, great composition","ugly, deformed, noisy, blurry, NSFW"
Abstract Expressionism,"Abstract Expressionism Art, {prompt}, High contrast, minimalistic, colorful, stark, dramatic, expressionism","ugly, deformed, noisy, blurry, low contrast, realism, photorealistic"
Academia,"Academia, {prompt}, preppy Ivy League style, stark, dramatic, chic boarding school, academia","ugly, deformed, noisy, blurry, low contrast, grunge, sloppy, unkempt"
Action Figure,"Action Figure, {prompt}, plastic collectable action figure, collectable toy action figure","ugly, deformed, noisy, blurry, low contrast"
Adorable 3D Character,"Adorable 3D Character, {prompt}, 3D render, adorable character, 3D art","ugly, deformed, noisy, blurry, low contrast, grunge, sloppy, unkempt, photograph, photo, realistic"
Adorable Kawaii,"Adorable Kawaii, {prompt}, pretty, cute, adorable, kawaii","ugly, deformed, noisy, blurry, low contrast, gothic, dark, moody, monochromatic"
Art Deco,"Art Deco, {prompt}, sleek, geometric forms, art deco style","ugly, deformed, noisy, blurry, low contrast"
Art Nouveau,"Art Nouveau, beautiful art, {prompt}, sleek, organic forms, long, sinuous, art nouveau style","ugly, deformed, noisy, blurry, low contrast, industrial, mechanical"
Astral Aura,"Astral Aura, {prompt}, astral, colorful aura, vibrant energy","ugly, deformed, noisy, blurry, low contrast"
Avant-garde,"Avant-garde, {prompt}, unusual, experimental, avant-garde art","ugly, deformed, noisy, blurry, low contrast"
Baroque,"Baroque, {prompt}, dramatic, exuberant, grandeur, baroque art","ugly, deformed, noisy, blurry, low contrast"
Bauhaus-Style Poster,"Bauhaus-Style Poster, {prompt}, simple geometric shapes, clean lines, primary colors, Bauhaus-Style Poster","ugly, deformed, noisy, blurry, low contrast"
Blueprint Schematic Drawing,"Blueprint Schematic Drawing, {prompt}, technical drawing, blueprint, schematic","ugly, deformed, noisy, blurry, low contrast"
Caricature,"Caricature, {prompt}, exaggerated, comical, caricature","ugly, deformed, noisy, blurry, low contrast, realistic"
Cel Shaded Art,"Cel Shaded Art, {prompt}, 2D, flat color, toon shading, cel shaded style","ugly, deformed, noisy, blurry, low contrast"
Character Design Sheet,"Character Design Sheet, {prompt}, character reference sheet, character turn around","ugly, deformed, noisy, blurry, low contrast"
Classicism Art,"Classicism Art, {prompt}, inspired by Roman and Greek culture, clarity, harmonious, classicism art","ugly, deformed, noisy, blurry, low contrast"
Color Field Painting,"Color Field Painting, {prompt}, abstract, simple, geometic, color field painting style","ugly, deformed, noisy, blurry, low contrast"
Colored Pencil Art,"Colored Pencil Art, {prompt}, colored pencil strokes, light color, visible paper texture, colored pencil art","ugly, deformed, noisy, blurry, low contrast"
Conceptual Art,"Conceptual Art, {prompt}, concept art","ugly, deformed, noisy, blurry, low contrast"
Constructivism,"Constructivism Art, {prompt}, minimalistic, geometric forms, constructivism art","ugly, deformed, noisy, blurry, low contrast"
Cubism,"Cubism Art, {prompt}, flat geometric forms, cubism art","ugly, deformed, noisy, blurry, low contrast"
Dadaism,"Dadaism Art, {prompt}, satirical, nonsensical, dadaism art","ugly, deformed, noisy, blurry, low contrast"
Dark Fantasy,"Dark Fantasy Art, {prompt}, dark, moody, dark fantasy style","ugly, deformed, noisy, blurry, low contrast, bright, sunny"
Dark Moody Atmosphere,"Dark Moody Atmosphere, {prompt}, dramatic, mysterious, dark moody atmosphere","ugly, deformed, noisy, blurry, low contrast, vibrant, colorful, bright"
DMT Art Style,"DMT Art Style, {prompt}, bright colors, surreal visuals, swirling patterns, DMT art style","ugly, deformed, noisy, blurry, low contrast"
Doodle Art,"Doodle Art Style, {prompt}, drawing, freeform, swirling patterns, doodle art style","ugly, deformed, noisy, blurry, low contrast"
Double Exposure,"Double Exposure Style, {prompt}, double image ghost effect, image combination, double exposure style","ugly, deformed, noisy, blurry, low contrast"
Dripping Paint Splatter Art,"Dripping Paint Splatter Art, {prompt}, dramatic, paint drips, splatters, dripping paint","ugly, deformed, noisy, blurry, low contrast"
Expressionism,"Expressionism Art Style, {prompt}, movement, contrast, emotional, exaggerated forms, expressionism art style","ugly, deformed, noisy, blurry, low contrast"
Faded Polaroid Photo,"Faded Polaroid Photo, {prompt}, analog, old faded photo, old polaroid","ugly, deformed, noisy, blurry, low contrast, vibrant, colorful"
Fauvism,"Fauvism Art, {prompt}, painterly, bold colors, textured brushwork, fauvism art","ugly, deformed, noisy, blurry, low contrast"
Flat 2D Art,"Flat 2D Art, {prompt}, simple flat color, 2-dimensional, Flat 2D Art Style","ugly, deformed, noisy, blurry, low contrast, 3D, photo, realistic"
Fortnite Art Style,"Fortnite Art Style, {prompt}, 3D cartoon, colorful, Fortnite Art Style","ugly, deformed, noisy, blurry, low contrast, photo, realistic"
Futurism,"Futurism Art Style, {prompt}, dynamic, dramatic, Futurism Art Style","ugly, deformed, noisy, blurry, low contrast"
Glitchcore,"Glitchcore Art Style, {prompt}, dynamic, dramatic, distorted, vibrant colors, glitchcore art style","ugly, deformed, noisy, blurry, low contrast"
Glo-fi,"Glo-fi Art Style, {prompt}, dynamic, dramatic, vibrant colors, glo-fi art style","ugly, deformed, noisy, blurry, low contrast"
Googie Art Style,"Googie Art Style, {prompt}, dynamic, dramatic, 1950's futurism, bold boomerang angles, Googie art style","ugly, deformed, noisy, blurry, low contrast"
Graffiti Art,"Graffiti Art Style, {prompt}, dynamic, dramatic, vibrant colors, graffiti art style","ugly, deformed, noisy, blurry, low contrast"
Harlem Renaissance Art,"Harlem Renaissance Art Style, {prompt}, dynamic, dramatic, 1920s African American culture, Harlem Renaissance art style","ugly, deformed, noisy, blurry, low contrast"
High Fashion,"High Fashion, {prompt}, dynamic, dramatic, haute couture, elegant, ornate clothing, High Fashion","ugly, deformed, noisy, blurry, low contrast"
Idyllic,"Idyllic, {prompt}, peaceful, happy, pleasant, happy, harmonious, picturesque, charming","ugly, deformed, noisy, blurry, low contrast"
Impressionism,"Impressionism, {prompt}, painterly, small brushstrokes, visible brushstrokes, impressionistic style","ugly, deformed, noisy, blurry, low contrast"
Infographic Drawing,"Infographic Drawing, {prompt}, diagram, infographic","ugly, deformed, noisy, blurry, low contrast"
Ink Dripping Drawing,"Ink Dripping Drawing, {prompt}, ink drawing, dripping ink","ugly, deformed, noisy, blurry, low contrast, colorful, vibrant"
Japanese Ink Drawing,"Japanese Ink Drawing, {prompt}, ink drawing, inkwash, Japanese Ink Drawing","ugly, deformed, noisy, blurry, low contrast, colorful, vibrant"
Knolling Photography,"Knolling Photography, {prompt}, flat lay photography, object arrangment, knolling photography","ugly, deformed, noisy, blurry, low contrast"
Light Cheery Atmosphere,"Light Cheery Atmosphere, {prompt}, happy, joyful, cheerful, carefree, gleeful, lighthearted, pleasant atmosphere","ugly, deformed, noisy, blurry, low contrast, monochromatic, dark, moody"
Logo Design,"Logo Design, {prompt}, dynamic graphic art, vector art, minimalist, professional logo design","ugly, deformed, noisy, blurry, low contrast"
Luxurious Elegance,"Luxurious Elegance, {prompt}, extravagant, ornate, designer, opulent, picturesque, lavish","ugly, deformed, noisy, blurry, low contrast"
Macro Photography,"Macro Photography, {prompt}, close-up, macro 100mm, macro photography","ugly, deformed, noisy, blurry, low contrast"
Mandola Art,"Mandola art style, {prompt}, complex, circular design, mandola","ugly, deformed, noisy, blurry, low contrast"
Marker Drawing,"Marker Drawing, {prompt}, bold marker lines, visibile paper texture, marker drawing","ugly, deformed, noisy, blurry, low contrast, photograph, realistic"
Medievalism,"Medievalism, {prompt}, inspired by The Middle Ages, medieval art, elaborate patterns and decoration, Medievalism","ugly, deformed, noisy, blurry, low contrast"
Minimalism,"Minimalism, {prompt}, abstract, simple geometic shapes, hard edges, sleek contours, Minimalism","ugly, deformed, noisy, blurry, low contrast"
Neo-Baroque,"Neo-Baroque, {prompt}, ornate and elaborate, dynaimc, Neo-Baroque","ugly, deformed, noisy, blurry, low contrast"
Neo-Byzantine,"Neo-Byzantine, {prompt}, grand decorative religious style, Orthodox Christian inspired, Neo-Byzantine","ugly, deformed, noisy, blurry, low contrast"
Neo-Futurism,"Neo-Futurism, {prompt}, high-tech, curves, spirals, flowing lines, idealistic future, Neo-Futurism","ugly, deformed, noisy, blurry, low contrast"
Neo-Impressionism,"Neo-Impressionism, {prompt}, tiny dabs of color, Pointillism, painterly, Neo-Impressionism","ugly, deformed, noisy, blurry, low contrast, photograph, realistic"
Neo-Rococo,"Neo-Rococo, {prompt}, curved forms, naturalistic ornamentation, elaborate, decorative, gaudy, Neo-Rococo","ugly, deformed, noisy, blurry, low contrast"
Neoclassicism,"Neoclassicism, {prompt}, ancient Rome and Greece inspired, idealic, sober colors, Neoclassicism","ugly, deformed, noisy, blurry, low contrast"
Op Art,"Op Art, {prompt}, optical illusion, abstract, geometric pattern, impression of movement, Op Art","ugly, deformed, noisy, blurry, low contrast"
Ornate and Intricate,"Ornate and Intricate, {prompt}, decorative, highly detailed, elaborate, ornate, intricate","ugly, deformed, noisy, blurry, low contrast"
Pencil Sketch Drawing,"Pencil Sketch Drawing, {prompt}, black and white drawing, graphite drawing","ugly, deformed, noisy, blurry, low contrast"
Pop Art 2,"Pop Art, {prompt}, vivid colors, flat color, 2D, strong lines, Pop Art","ugly, deformed, noisy, blurry, low contrast, photo, realistic"
Rococo,"Rococo, {prompt}, flamboyant, pastel colors, curved lines, elaborate detail, Rococo","ugly, deformed, noisy, blurry, low contrast"
Silhouette Art,"Silhouette Art, {prompt}, high contrast, well defined, Silhouette Art","ugly, deformed, noisy, blurry, low contrast"
Simple Vector Art,"Simple Vector Art, {prompt}, 2D flat, simple shapes, minimalistic, professional graphic, flat color, high contrast, Simple Vector Art","ugly, deformed, noisy, blurry, low contrast, 3D, photo, realistic"
Sketchup,"Sketchup, {prompt}, CAD, professional design, Sketchup","ugly, deformed, noisy, blurry, low contrast, photo, photograph"
Steampunk 2,"Steampunk, {prompt}, retrofuturistic science fantasy, steam-powered tech, vintage industry, gears, neo-victorian, steampunk","ugly, deformed, noisy, blurry, low contrast"
Surrealism,"Surrealism, {prompt}, expressive, dramatic, organic lines and forms, dreamlike and mysterious, Surrealism","ugly, deformed, noisy, blurry, low contrast, realistic"
Suprematism,"Suprematism, {prompt}, abstract, limited color palette, geometric forms, Suprematism","ugly, deformed, noisy, blurry, low contrast, realistic"
Terragen,"Terragen, {prompt}, beautiful massive landscape, epic scenery, Terragen","ugly, deformed, noisy, blurry, low contrast"
Tranquil Relaxing Atmosphere,"Tranquil Relaxing Atmosphere, {prompt}, calming style, soothing colors, peaceful, idealic, Tranquil Relaxing Atmosphere","ugly, deformed, noisy, blurry, low contrast, oversaturated"
Sticker Designs,"Vector Art Stickers, {prompt}, professional vector design, sticker designs, Sticker Sheet","ugly, deformed, noisy, blurry, low contrast"
Vibrant Rim Light,"Vibrant Rim Light, {prompt}, bright rim light, high contrast, bold edge light","ugly, deformed, noisy, blurry, low contrast"
Volumetric Lighting,"Volumetric Lighting, {prompt}, light depth, dramatic atmospheric lighting, Volumetric Lighting","ugly, deformed, noisy, blurry, low contrast"
Watercolor 2,"Watercolor style painting, {prompt}, visible paper texture, colorwash, watercolor","ugly, deformed, noisy, blurry, low contrast, photo, realistic"
Whimsical and Playful,"Whimsical and Playful, {prompt}, imaginative, fantastical, bight colors, stylized, happy, Whimsical and Playful","ugly, deformed, noisy, blurry, low contrast, drab, boring, moody"
Fooocus Enhance,,"(worst quality, low quality, normal quality, lowres, low details, oversaturated, undersaturated, overexposed, underexposed, grayscale, bw, bad photo, bad photography, bad art:1.4), (watermark, signature, text font, username, error, logo, words, letters, digits, autograph, trademark, name:1.2), (blur, blurry, grainy), morbid, ugly, asymmetrical, mutated malformed, mutilated, poorly lit, bad shadow, draft, cropped, out of frame, cut off, censored, jpeg artifacts, out of focus, glitch, duplicate, (airbrushed, cartoon, anime, semi-realistic, cgi, render, blender, digital art, manga, amateur:1.3), (3D ,3D Game, 3D Game Scene, 3D Character:1.1), (bad hands, bad anatomy, bad body, bad face, bad teeth, bad arms, bad legs, deformities:1.3)"
Fooocus Sharp,"cinematic still {prompt} . emotional, harmonious, vignette, 4k epic detailed, shot on kodak, 35mm photo, sharp focus, high budget, cinemascope, moody, epic, gorgeous, film grain, grainy","anime, cartoon, graphic, (blur, blurry, bokeh), text, painting, crayon, graphite, abstract, glitch, deformed, mutated, ugly, disfigured"
Fooocus Masterpiece,"(masterpiece), (best quality), (ultra-detailed), {prompt}, illustration, disheveled hair, detailed eyes, perfect composition, moist skin, intricate details, earrings, by wlop","longbody, lowres, bad anatomy, bad hands, missing fingers, pubic hair,extra digit, fewer digits, cropped, worst quality, low quality"
Fooocus Photograph,"photograph {prompt}, 50mm . cinematic 4k epic detailed 4k epic detailed photograph shot on kodak detailed cinematic hbo dark moody, 35mm photo, grainy, vignette, vintage, Kodachrome, Lomography, stained, highly detailed, found footage","Brad Pitt, bokeh, depth of field, blurry, cropped, regular face, saturated, contrast, deformed iris, deformed pupils, semi-realistic, cgi, 3d, render, sketch, cartoon, drawing, anime, text, cropped, out of frame, worst quality, low quality, jpeg artifacts, ugly, duplicate, morbid, mutilated, extra fingers, mutated hands, poorly drawn hands, poorly drawn face, mutation, deformed, dehydrated, bad anatomy, bad proportions, extra limbs, cloned face, disfigured, gross proportions, malformed limbs, missing arms, missing legs, extra arms, extra legs, fused fingers, too many fingers, long neck"
Fooocus Negative,,"deformed, bad anatomy, disfigured, poorly drawn face, mutated, extra limb, ugly, poorly drawn hands, missing limb, floating limbs, disconnected limbs, disconnected head, malformed hands, long neck, mutated hands and fingers, bad hands, missing fingers, cropped, worst quality, low quality, mutation, poorly drawn, huge calf, bad hands, fused hand, missing hand, disappearing arms, disappearing thigh, disappearing calf, disappearing legs, missing fingers, fused fingers, abnormal eye proportion, Abnormal hands, abnormal legs, abnormal feet, abnormal fingers, drawing, painting, crayon, sketch, graphite, impressionist, noisy, blurry, soft, deformed, ugly, anime, cartoon, graphic, text, painting, crayon, graphite, abstract, glitch"
Fooocus Cinematic,"cinematic still {prompt} . emotional, harmonious, vignette, highly detailed, high budget, bokeh, cinemascope, moody, epic, gorgeous, film grain, grainy","anime, cartoon, graphic, text, painting, crayon, graphite, abstract, glitch, deformed, mutated, ugly, disfigured"
MK Chromolithography,"Chromolithograph {prompt}. Vibrant colors, intricate details, rich color saturation, meticulous registration, multi-layered printing, decorative elements, historical charm, artistic reproductions, commercial posters, nostalgic, ornate compositions.","monochromatic, simple designs, limited color palette, imprecise registration, minimalistic, modern aesthetic, digital appearance."
MK Cross Processing Print,"Cross processing print {prompt}. Experimental color shifts, unconventional tonalities, vibrant and surreal hues, heightened contrasts, unpredictable results, artistic unpredictability, retro and vintage feel, dynamic color interplay, abstract and dreamlike.","predictable color tones, traditional processing, realistic color representation, subdued contrasts, standard photographic aesthetics."
MK Dufaycolor Photograph,"Dufaycolor photograph {prompt}. Vintage color palette, distinctive color rendering, soft and dreamy atmosphere, historical charm, unique color process, grainy texture, evocative mood, nostalgic aesthetic, hand-tinted appearance, artistic patina.","modern color reproduction, hyperrealistic tones, sharp and clear details, digital precision, contemporary aesthetic."
MK Herbarium,"Herbarium drawing{prompt}. Botanical accuracy, old botanical book illustration, detailed illustrations, pressed plants, delicate and precise linework, scientific documentation, meticulous presentation, educational purpose, organic compositions, timeless aesthetic, naturalistic beauty.","abstract representation, vibrant colors, artistic interpretation, chaotic compositions, fantastical elements, digital appearance."
MK Punk Collage,"punk collage style {prompt} . mixed media, papercut,textured paper, overlapping, ripped posters, safety pins, chaotic layers, graffiti-style elements, anarchy symbols, vintage photos, cut-and-paste aesthetic, bold typography, distorted images, political messages, urban decay, distressed textures, newspaper clippings, spray paint, rebellious icons, DIY spirit, vivid colors, punk band logos, edgy and raw compositions, ","conventional,blurry, noisy, low contrast"
MK mosaic,"mosaic style {prompt} . fragmented, assembled, colorful, highly detailed","whole, unbroken, monochrome"
MK Van Gogh,"Oil painting by Van Gogh {prompt} . Expressive, impasto, swirling brushwork, vibrant, brush strokes, Brushstroke-heavy, Textured, Impasto, Colorful, Dynamic, Bold, Distinctive, Vibrant, Whirling, Expressive, Dramatic, Swirling, Layered, Intense, Contrastive, Atmospheric, Luminous, Textural, Evocative, SpiraledVan Gogh style","realistic, photorealistic, calm, straight lines, signature, frame, text, watermark"
MK Coloring Book,"centered black and white high contrast line drawing, coloring book style,{prompt} . monochrome, blank white background","greyscale, gradients,shadows,shadow, colored, Red, Blue, Yellow, Green, Orange, Purple, Pink, Brown, Gray, Beige, Turquoise, Lavender, Cyan, Magenta, Olive, Indigo, black background"
MK Singer Sargent,"Oil painting by John Singer Sargent {prompt}. Elegant, refined, masterful technique,realistic portrayal, subtle play of light, captivating expression, rich details, harmonious colors, skillful composition, brush strokes, chiaroscuro.","realistic, photorealistic, abstract, overly stylized, excessive contrasts, distorted,bright colors,disorder."
MK Pollock,"Oil painting by Jackson Pollock {prompt}. Abstract expressionism, drip painting, chaotic composition, energetic, spontaneous, unconventional technique, dynamic, bold, distinctive, vibrant, intense, expressive, energetic, layered, non-representational, gestural.","(realistic:1.5), (photorealistic:1.5), representational, calm, ordered composition, precise lines, detailed forms, subdued colors, quiet, static, traditional, figurative."
MK Basquiat,"Artwork by Jean-Michel Basquiat {prompt}. Neo-expressionism, street art influence, graffiti-inspired, raw, energetic, bold colors, dynamic composition, chaotic, layered, textural, expressive, spontaneous, distinctive, symbolic,energetic brushstrokes.","(realistic:1.5), (photorealistic:1.5), calm, precise lines, conventional composition, subdued"
MK Andy Warhol,"Artwork in the style of Andy Warhol {prompt}. Pop art, vibrant colors, bold compositions, repetition of iconic imagery, celebrity culture, commercial aesthetics, mass production influence, stylized simplicity, cultural commentary, graphical elements, distinctive portraits.","subdued colors, realistic, lack of repetition, minimalistic."
MK Halftone print,"Halftone print of {prompt}. Dot matrix pattern, grayscale tones, vintage aesthetic, newspaper print vibe, stylized dots, visual texture, black and white contrasts, retro appearance, artistic pointillism,pop culture, (Roy Lichtenstein style:1.5).","smooth gradients, continuous tones, vibrant colors."
MK Gond Painting,"Gond painting {prompt}. Intricate patterns, vibrant colors, detailed motifs, nature-inspired themes, tribal folklore, fine lines, intricate detailing, storytelling compositions, mystical and folkloric, cultural richness.","monochromatic, abstract shapes, minimalistic."
MK Albumen Print,"Albumen print {prompt}. Sepia tones, fine details, subtle tonal gradations, delicate highlights, vintage aesthetic, soft and muted atmosphere, historical charm, rich textures, meticulous craftsmanship, classic photographic technique, vignetting.","vibrant colors, high contrast, modern, digital appearance, sharp details, contemporary style."
MK Aquatint Print,"Aquatint print {prompt}. Soft tonal gradations, atmospheric effects, velvety textures, rich contrasts, fine details, etching process, delicate lines, nuanced shading, expressive and moody atmosphere, artistic depth.","sharp contrasts, bold lines, minimalistic."
MK Anthotype Print,"Anthotype print {prompt}. Monochrome dye, soft and muted colors, organic textures, ephemeral and delicate appearance, low details, watercolor canvas, low contrast, overexposed, silhouette, textured paper.","vibrant synthetic dyes, bold and saturated colors."
MK Inuit Carving,"A sculpture made of ivory, {prompt} made of . Sculptures, Inuit art style, intricate carvings, natural materials, storytelling motifs, arctic wildlife themes, symbolic representations, cultural traditions, earthy tones, harmonious compositions, spiritual and mythological elements.","abstract, vibrant colors."
MK Bromoil Print,"Bromoil print {prompt}. Painterly effects, sepia tones, textured surfaces, rich contrasts, expressive brushwork, tonal variations, vintage aesthetic, atmospheric mood, handmade quality, artistic experimentation, darkroom craftsmanship, vignetting.","smooth surfaces, minimal brushwork, contemporary digital appearance."
MK Calotype Print,"Calotype print {prompt}. Soft focus, subtle tonal range, paper negative process, fine details, vintage aesthetic, artistic experimentation, atmospheric mood, early photographic charm, handmade quality, vignetting.","sharp focus, bold contrasts, modern aesthetic, digital photography."
MK Color Sketchnote,"Color sketchnote {prompt}. Hand-drawn elements, vibrant colors, visual hierarchy, playful illustrations, varied typography, graphic icons, organic and dynamic layout, personalized touches, creative expression, engaging storytelling.","monochromatic, geometric layout."
MK Cibulak Porcelain,"A sculpture made of blue pattern porcelain of {prompt}. Classic design, blue and white color scheme, intricate detailing, floral motifs, onion-shaped elements, historical charm, rococo, white ware, cobalt blue, underglaze pattern, fine craftsmanship, traditional elegance, delicate patterns, vintage aesthetic, Meissen, Blue Onion pattern, Cibulak.","tea, teapot, cup, teacup,bright colors, bold and modern design, absence of intricate detailing, lack of floral motifs, non-traditional shapes."
MK Alcohol Ink Art,"Alcohol ink art {prompt}. Fluid and vibrant colors, unpredictable patterns, organic textures, translucent layers, abstract compositions, ethereal and dreamy effects, free-flowing movement, expressive brushstrokes, contemporary aesthetic, wet textured paper.","monochromatic, controlled patterns."
MK One Line Art,"One line art {prompt}. Continuous and unbroken black line, minimalistic, simplicity, economical use of space, flowing and dynamic, symbolic representations, contemporary aesthetic, evocative and abstract, white background.","disjointed lines, complexity, complex detailing."
MK Blacklight Paint,"Blacklight paint {prompt}. Fluorescent pigments, vibrant and surreal colors, ethereal glow, otherworldly effects, dynamic and psychedelic compositions, neon aesthetics, transformative in ultraviolet light, contemporary and experimental.","muted colors, traditional and realistic compositions."
MK Carnival Glass,"A sculpture made of Carnival glass, {prompt}. Iridescent surfaces, vibrant colors, intricate patterns, opalescent hues, reflective and prismatic effects, Art Nouveau and Art Deco influences, vintage charm, intricate detailing, lustrous and luminous appearance, Carnival Glass style.","non-iridescent surfaces, muted colors, absence of intricate patterns, lack of opalescent hues, modern and minimalist aesthetic."
MK Cyanotype Print,"Cyanotype print {prompt}. Prussian blue tones, distinctive coloration, high contrast, blueprint aesthetics, atmospheric mood, sun-exposed paper, silhouette effects, delicate details, historical charm, handmade and experimental quality.","vibrant colors, low contrast, modern and polished appearance."
MK Cross-Stitching,"Cross-stitching {prompt}. Intricate patterns, embroidery thread, sewing, fine details, precise stitches, textile artistry, symmetrical designs, varied color palette, traditional and contemporary motifs, handmade and crafted,canvas, nostalgic charm.","paper, paint, ink, photography."
MK Encaustic Paint,"Encaustic paint {prompt}. Textured surfaces, translucent layers, luminous quality, wax medium, rich color saturation, fluid and organic shapes, contemporary and historical influences, mixed media elements, atmospheric depth.","flat surfaces, opaque layers, lack of wax medium, muted color palette, absence of textured surfaces, non-mixed media."
MK Embroidery,"Embroidery {prompt}. Intricate stitching, embroidery thread, fine details, varied thread textures, textile artistry, embellished surfaces, diverse color palette, traditional and contemporary motifs, handmade and crafted, tactile and ornate.","minimalist, monochromatic."
MK Gyotaku,"Gyotaku {prompt}. Fish impressions, realistic details, ink rubbings, textured surfaces, traditional Japanese art form, nature-inspired compositions, artistic representation of marine life, black and white contrasts, cultural significance.",photography.
MK Luminogram,"Luminogram {prompt}. Photogram technique, ethereal and abstract effects, light and shadow interplay, luminous quality, experimental process, direct light exposure, unique and unpredictable results, artistic experimentation.",
MK Lite Brite Art,"Lite Brite art {prompt}. Luminous and colorful designs, pixelated compositions, retro aesthetic, glowing effects, creative patterns, interactive and playful, nostalgic charm, vibrant and dynamic arrangements.",monochromatic.
MK Mokume-gane,"Mokume-gane {prompt}. Wood-grain patterns, mixed metal layers, intricate and organic designs, traditional Japanese metalwork, harmonious color combinations, artisanal craftsmanship, unique and layered textures, cultural and historical significance.",uniform metal surfaces.
Pebble Art,"a sculpture made of peebles, {prompt}. Pebble art style,natural materials, textured surfaces, balanced compositions, organic forms, harmonious arrangements, tactile and 3D effects, beach-inspired aesthetic, creative storytelling, artisanal craftsmanship.","non-natural materials, lack of textured surfaces, imbalanced compositions, absence of organic forms, non-tactile appearance."
MK Palekh,"Palekh art {prompt}. Miniature paintings, intricate details, vivid colors, folkloric themes, lacquer finish, storytelling compositions, symbolic elements, Russian folklore influence, cultural and historical significance.",large-scale paintings.
MK Suminagashi,"Suminagashi {prompt}. Floating ink patterns, marbled effects, delicate and ethereal designs, water-based ink, fluid and unpredictable compositions, meditative process, monochromatic or subtle color palette, Japanese artistic tradition.",vibrant and bold color palette.
MK Scrimshaw,"A Scrimshaw engraving of {prompt}. Intricate engravings on a spermwhale's teeth, marine motifs, detailed scenes, nautical themes, black and white contrasts, historical craftsmanship, artisanal carving, storytelling compositions, maritime heritage.","colorful, modern."
MK Shibori,"Shibori {prompt}. Textured fabric, intricate patterns, resist-dyeing technique, indigo or vibrant colors, organic and flowing designs, Japanese textile art, cultural tradition, tactile and visual interest.",monochromatic.
MK Vitreous Enamel,"A sculpture made of Vitreous enamel {prompt}. Smooth and glossy surfaces, vibrant colors, glass-like finish, durable and resilient, intricate detailing, traditional and contemporary applications, artistic craftsmanship, jewelry and decorative objects, , Vitreous enamel, colored glass.","rough surfaces, muted colors."
MK Ukiyo-e,"Ukiyo-e {prompt}. Woodblock prints, vibrant colors, intricate details, depictions of landscapes, kabuki actors, beautiful women, cultural scenes, traditional Japanese art, artistic craftsmanship, historical significance.","absence of woodblock prints, muted colors, lack of intricate details, non-traditional Japanese themes, absence of cultural scenes."
MK vintage-airline-poster,"vintage airline poster {prompt} . classic aviation fonts, pastel colors, elegant aircraft illustrations, scenic destinations, distressed textures, retro travel allure","modern fonts, bold colors, hyper-realistic, sleek design"
MK vintage-travel-poster,"vintage travel poster {prompt} . retro fonts, muted colors, scenic illustrations, iconic landmarks, distressed textures, nostalgic vibes","modern fonts, vibrant colors, hyper-realistic, sleek design"
MK bauhaus-style,"Bauhaus-inspired {prompt} . minimalism, geometric precision, primary colors, sans-serif typography, asymmetry, functional design","ornate, intricate, excessive detail, complex patterns, serif typography"
MK afrofuturism,"Afrofuturism illustration {prompt} . vibrant colors, futuristic elements, cultural symbolism, cosmic imagery, dynamic patterns, empowering narratives",monochromatic
MK atompunk,"Atompunk illustation, {prompt} . retro-futuristic, atomic age aesthetics, sleek lines, metallic textures, futuristic technology, optimism, energy","organic, natural textures, rustic, dystopian"
MK constructivism,"Constructivism {prompt} . geometric abstraction, bold colors, industrial aesthetics, dynamic compositions, utilitarian design, revolutionary spirit","organic shapes, muted colors, ornate elements, traditional"
MK chicano-art,"Chicano art {prompt} . bold colors, cultural symbolism, muralism, lowrider aesthetics, barrio life, political messages, social activism, Mexico","monochromatic, minimalist, mainstream aesthetics"
MK de-stijl,"De Stijl Art {prompt} . neoplasticism, primary colors, geometric abstraction, horizontal and vertical lines, simplicity, harmony, utopian ideals","complex patterns, muted colors, ornate elements, asymmetry"
MK dayak-art,"Dayak art sculpture of {prompt} . intricate patterns, nature-inspired motifs, vibrant colors, traditional craftsmanship, cultural symbolism, storytelling","minimalist, monochromatic, modern"
MK fayum-portrait,"Fayum portrait {prompt} . encaustic painting, realistic facial features, warm earth tones, serene expressions, ancient Egyptian influences","abstract, vibrant colors, exaggerated features, modern"
MK illuminated-manuscript,"Illuminated manuscript {prompt} . intricate calligraphy, rich colors, detailed illustrations, gold leaf accents, ornate borders, religious, historical, medieval","modern typography, minimalist design, monochromatic, abstract themes"
MK kalighat-painting,"Kalighat painting {prompt} . bold lines, vibrant colors, narrative storytelling, cultural motifs, flat compositions, expressive characters","subdued colors, intricate details, realistic portrayal, modern aesthetics"
MK madhubani-painting,"Madhubani painting {prompt} . intricate patterns, vibrant colors, nature-inspired motifs, cultural storytelling, symmetry, folk art aesthetics","abstract, muted colors, minimalistic design, modern aesthetics"
MK pictorialism,"Pictorialism illustration{prompt} . soft focus, atmospheric effects, artistic interpretation, tonality, muted colors, evocative storytelling","sharp focus, high contrast, realistic depiction, vivid colors"
MK pichwai-painting,"Pichwai painting {prompt} . intricate detailing, vibrant colors, religious themes, nature motifs, devotional storytelling, gold leaf accents","minimalist, subdued colors, abstract design"
MK patachitra-painting,"Patachitra painting {prompt} . bold outlines, vibrant colors, intricate detailing, mythological themes, storytelling, traditional craftsmanship","subdued colors, minimalistic, abstract, modern aesthetics"
MK samoan-art-inspired,"Samoan art-inspired wooden sculpture {prompt} . traditional motifs, natural elements, bold colors, cultural symbolism, storytelling, craftsmanship","modern aesthetics, minimalist, abstract"
MK tlingit-art,"Tlingit art {prompt} . formline design, natural elements, animal motifs, bold colors, cultural storytelling, traditional craftsmanship, Alaska traditional art, (totem:1.5)",
MK adnate-style,"Painting by Adnate {prompt} . realistic portraits, street art, large-scale murals, subdued color palette, social narratives","abstract, vibrant colors, small-scale art"
MK ron-english-style,"Painting by Ron English {prompt} . pop-surrealism, cultural subversion, iconic mash-ups, vibrant and bold colors, satirical commentary","traditional, monochromatic"
MK shepard-fairey-style,"Painting by Shepard Fairey {prompt} . street art, political activism, iconic stencils, bold typography, high contrast, red, black, and white color palette","traditional, muted colors"
mre-cinematic-dynamic,"epic cinematic shot of dynamic {prompt} in motion. main subject of high budget action movie. raw photo, motion blur. best quality, high resolution","static, still, motionless, sluggish. drawing, painting, illustration, rendered. low budget. low quality, low resolution"
mre-spontaneous-picture,"spontaneous picture of {prompt}, taken by talented amateur. best quality, high resolution. magical moment, natural look. simple but good looking","overthinked. low quality, low resolution"
mre-artistic-vision,"powerful artistic vision of {prompt}. breathtaking masterpiece made by great artist. best quality, high resolution","insignificant, flawed, made by bad artist. low quality, low resolution"
mre-dark-dream,"dark and unsettling dream showing {prompt}. best quality, high resolution. created by genius but depressed mad artist. grim beauty","naive, cheerful. comfortable, casual, boring, cliche. low quality, low resolution"
mre-gloomy-art,"astonishing gloomy art made mainly of shadows and lighting, forming {prompt}. masterful usage of lighting, shadows and chiaroscuro. made by black-hearted artist, drawing from darkness. best quality, high resolution","low quality, low resolution"
mre-bad-dream,"picture from really bad dream about terrifying {prompt}, true horror. bone-chilling vision. mad world that shouldn't exist. best quality, high resolution","nice dream, pleasant experience. low quality, low resolution"
mre-underground,"uncanny caliginous vision of {prompt}, created by remarkable underground artist. best quality, high resolution. raw and brutal art, careless but impressive style. inspired by darkness and chaos","photography, mainstream, civilized. low quality, low resolution"
mre-surreal-painting,"surreal painting representing strange vision of {prompt}. harmonious madness, synergy with chance. unique artstyle, mindbending art, magical surrealism. best quality, high resolution","photography, illustration, drawing. realistic, possible. logical, sane. low quality, low resolution"
mre-dynamic-illustration,"insanely dynamic illustration of {prompt}. best quality, high resolution. crazy artstyle, careless brushstrokes, emotional and fun","photography, realistic. static, still, slow, boring. low quality, low resolution"
mre-undead-art,"long forgotten art created by undead artist illustrating {prompt}, tribute to the death and decay. miserable art of the damned. wretched and decaying world. best quality, high resolution","alive, playful, living. low quality, low resolution"
mre-elemental-art,"art illustrating insane amounts of raging elemental energy turning into {prompt}, avatar of elements. magical surrealism, wizardry. best quality, high resolution","photography, realistic, real. low quality, low resolution"
mre-space-art,"winner of inter-galactic art contest illustrating {prompt}, symbol of the interstellar singularity. best quality, high resolution. artstyle previously unseen in the whole galaxy","created by human race, low quality, low resolution"
mre-ancient-illustration,"sublime ancient illustration of {prompt}, predating human civilization. crude and simple, but also surprisingly beautiful artwork, made by genius primeval artist. best quality, high resolution","low quality, low resolution"
mre-brave-art,"brave, shocking, and brutally true art showing {prompt}. inspired by courage and unlimited creativity. truth found in chaos. best quality, high resolution","low quality, low resolution"
mre-heroic-fantasy,"heroic fantasy painting of {prompt}, in the dangerous fantasy world. airbrush over oil on canvas. best quality, high resolution","low quality, low resolution"
mre-dark-cyberpunk,"dark cyberpunk illustration of brutal {prompt} in a world without hope, ruled by ruthless criminal corporations. best quality, high resolution","low quality, low resolution"
mre-lyrical-geometry,"geometric and lyrical abstraction painting presenting {prompt}. oil on metal. best quality, high resolution","photography, realistic, drawing, rendered. low quality, low resolution"
mre-sumi-e-symbolic,"big long brushstrokes of deep black sumi-e turning into symbolic painting of {prompt}. master level raw art. best quality, high resolution","photography, rendered. low quality, low resolution"
mre-sumi-e-detailed,"highly detailed black sumi-e painting of {prompt}. in-depth study of perfection, created by a master. best quality, high resolution","low quality, low resolution"
mre-manga,"manga artwork presenting {prompt}. created by japanese manga artist. highly emotional. best quality, high resolution","low quality, low resolution"
mre-anime,"anime artwork illustrating {prompt}. created by japanese anime studio. highly emotional. best quality, high resolution","low quality, low resolution"
mre-comic,"breathtaking illustration from adult comic book presenting {prompt}. fabulous artwork. best quality, high resolution","deformed, ugly, low quality, low resolution"
sai-3d-model,"professional 3d model {prompt} . octane render, highly detailed, volumetric, dramatic lighting","ugly, deformed, noisy, low poly, blurry, painting"
sai-analog film,"analog film photo {prompt} . faded film, desaturated, 35mm photo, grainy, vignette, vintage, Kodachrome, Lomography, stained, highly detailed, found footage","painting, drawing, illustration, glitch, deformed, mutated, cross-eyed, ugly, disfigured"
sai-anime,"anime artwork {prompt} . anime style, key visual, vibrant, studio anime, highly detailed","photo, deformed, black and white, realism, disfigured, low contrast"
sai-cinematic,"cinematic film still {prompt} . shallow depth of field, vignette, highly detailed, high budget, bokeh, cinemascope, moody, epic, gorgeous, film grain, grainy","anime, cartoon, graphic, text, painting, crayon, graphite, abstract, glitch, deformed, mutated, ugly, disfigured"
sai-comic book,"comic {prompt} . graphic illustration, comic art, graphic novel art, vibrant, highly detailed","photograph, deformed, glitch, noisy, realistic, stock photo"
sai-craft clay,"play-doh style {prompt} . sculpture, clay art, centered composition, Claymation","sloppy, messy, grainy, highly detailed, ultra textured, photo"
sai-digital art,"concept art {prompt} . digital artwork, illustrative, painterly, matte painting, highly detailed","photo, photorealistic, realism, ugly"
sai-enhance,"breathtaking {prompt} . award-winning, professional, highly detailed","ugly, deformed, noisy, blurry, distorted, grainy"
sai-fantasy art,"ethereal fantasy concept art of  {prompt} . magnificent, celestial, ethereal, painterly, epic, majestic, magical, fantasy art, cover art, dreamy","photographic, realistic, realism, 35mm film, dslr, cropped, frame, text, deformed, glitch, noise, noisy, off-center, deformed, cross-eyed, closed eyes, bad anatomy, ugly, disfigured, sloppy, duplicate, mutated, black and white"
sai-isometric,"isometric style {prompt} . vibrant, beautiful, crisp, detailed, ultra detailed, intricate","deformed, mutated, ugly, disfigured, blur, blurry, noise, noisy, realistic, photographic"
sai-line art,"line art drawing {prompt} . professional, sleek, modern, minimalist, graphic, line art, vector graphics","anime, photorealistic, 35mm film, deformed, glitch, blurry, noisy, off-center, deformed, cross-eyed, closed eyes, bad anatomy, ugly, disfigured, mutated, realism, realistic, impressionism, expressionism, oil, acrylic"
sai-lowpoly,"low-poly style {prompt} . low-poly game art, polygon mesh, jagged, blocky, wireframe edges, centered composition","noisy, sloppy, messy, grainy, highly detailed, ultra textured, photo"
sai-neonpunk,"neonpunk style {prompt} . cyberpunk, vaporwave, neon, vibes, vibrant, stunningly beautiful, crisp, detailed, sleek, ultramodern, magenta highlights, dark purple shadows, high contrast, cinematic, ultra detailed, intricate, professional","painting, drawing, illustration, glitch, deformed, mutated, cross-eyed, ugly, disfigured"
sai-origami,"origami style {prompt} . paper art, pleated paper, folded, origami art, pleats, cut and fold, centered composition","noisy, sloppy, messy, grainy, highly detailed, ultra textured, photo"
sai-photographic,"cinematic photo {prompt} . 35mm photograph, film, bokeh, professional, 4k, highly detailed","drawing, painting, crayon, sketch, graphite, impressionist, noisy, blurry, soft, deformed, ugly"
sai-pixel art,"pixel-art {prompt} . low-res, blocky, pixel art style, 8-bit graphics","sloppy, messy, blurry, noisy, highly detailed, ultra textured, photo, realistic"
sai-texture,texture {prompt} top down close-up,"ugly, deformed, noisy, blurry"
ads-advertising,"advertising poster style {prompt} . Professional, modern, product-focused, commercial, eye-catching, highly detailed","noisy, blurry, amateurish, sloppy, unattractive"
ads-automotive,"automotive advertisement style {prompt} . sleek, dynamic, professional, commercial, vehicle-focused, high-resolution, highly detailed","noisy, blurry, unattractive, sloppy, unprofessional"
ads-corporate,"corporate branding style {prompt} . professional, clean, modern, sleek, minimalist, business-oriented, highly detailed","noisy, blurry, grungy, sloppy, cluttered, disorganized"
ads-fashion editorial,"fashion editorial style {prompt} . high fashion, trendy, stylish, editorial, magazine style, professional, highly detailed","outdated, blurry, noisy, unattractive, sloppy"
ads-food photography,"food photography style {prompt} . appetizing, professional, culinary, high-resolution, commercial, highly detailed","unappetizing, sloppy, unprofessional, noisy, blurry"
ads-gourmet food photography,"gourmet food photo of {prompt} . soft natural lighting, macro details, vibrant colors, fresh ingredients, glistening textures, bokeh background, styled plating, wooden tabletop, garnished, tantalizing, editorial quality","cartoon, anime, sketch, grayscale, dull, overexposed, cluttered, messy plate, deformed"
ads-luxury,"luxury product style {prompt} . elegant, sophisticated, high-end, luxurious, professional, highly detailed","cheap, noisy, blurry, unattractive, amateurish"
ads-real estate,"real estate photography style {prompt} . professional, inviting, well-lit, high-resolution, property-focused, commercial, highly detailed","dark, blurry, unappealing, noisy, unprofessional"
ads-retail,"retail packaging style {prompt} . vibrant, enticing, commercial, product-focused, eye-catching, professional, highly detailed","noisy, blurry, amateurish, sloppy, unattractive"
artstyle-abstract,"abstract style {prompt} . non-representational, colors and shapes, expression of feelings, imaginative, highly detailed","realistic, photographic, figurative, concrete"
artstyle-abstract expressionism,"abstract expressionist painting {prompt} . energetic brushwork, bold colors, abstract forms, expressive, emotional","realistic, photorealistic, low contrast, plain, simple, monochrome"
artstyle-art deco,"art deco style {prompt} . geometric shapes, bold colors, luxurious, elegant, decorative, symmetrical, ornate, detailed","ugly, deformed, noisy, blurry, low contrast, realism, photorealistic, modernist, minimalist"
artstyle-art nouveau,"art nouveau style {prompt} . elegant, decorative, curvilinear forms, nature-inspired, ornate, detailed","ugly, deformed, noisy, blurry, low contrast, realism, photorealistic, modernist, minimalist"
artstyle-constructivist,"constructivist style {prompt} . geometric shapes, bold colors, dynamic composition, propaganda art style","realistic, photorealistic, low contrast, plain, simple, abstract expressionism"
artstyle-cubist,"cubist artwork {prompt} . geometric shapes, abstract, innovative, revolutionary","anime, photorealistic, 35mm film, deformed, glitch, low contrast, noisy"
artstyle-expressionist,"expressionist {prompt} . raw, emotional, dynamic, distortion for emotional effect, vibrant, use of unusual colors, detailed","realism, symmetry, quiet, calm, photo"
artstyle-graffiti,"graffiti style {prompt} . street art, vibrant, urban, detailed, tag, mural","ugly, deformed, noisy, blurry, low contrast, realism, photorealistic"
artstyle-hyperrealism,"hyperrealistic art {prompt} . extremely high-resolution details, photographic, realism pushed to extreme, fine texture, incredibly lifelike","simplified, abstract, unrealistic, impressionistic, low resolution"
artstyle-impressionist,"impressionist painting {prompt} . loose brushwork, vibrant color, light and shadow play, captures feeling over form","anime, photorealistic, 35mm film, deformed, glitch, low contrast, noisy"
artstyle-pointillism,"pointillism style {prompt} . composed entirely of small, distinct dots of color, vibrant, highly detailed","line drawing, smooth shading, large color fields, simplistic"
artstyle-pop art,"pop Art style {prompt} . bright colors, bold outlines, popular culture themes, ironic or kitsch","ugly, deformed, noisy, blurry, low contrast, realism, photorealistic, minimalist"
artstyle-psychedelic,"psychedelic style {prompt} . vibrant colors, swirling patterns, abstract forms, surreal, trippy","monochrome, black and white, low contrast, realistic, photorealistic, plain, simple"
artstyle-renaissance,"renaissance style {prompt} . realistic, perspective, light and shadow, religious or mythological themes, highly detailed","ugly, deformed, noisy, blurry, low contrast, modernist, minimalist, abstract"
artstyle-steampunk,"steampunk style {prompt} . antique, mechanical, brass and copper tones, gears, intricate, detailed","deformed, glitch, noisy, low contrast, anime, photorealistic"
artstyle-surrealist,"surrealist art {prompt} . dreamlike, mysterious, provocative, symbolic, intricate, detailed","anime, photorealistic, realistic, deformed, glitch, noisy, low contrast"
artstyle-typography,"typographic art {prompt} . stylized, intricate, detailed, artistic, text-based","ugly, deformed, noisy, blurry, low contrast, realism, photorealistic"
artstyle-watercolor,"watercolor painting {prompt} . vibrant, beautiful, painterly, detailed, textural, artistic","anime, photorealistic, 35mm film, deformed, glitch, low contrast, noisy"
futuristic-biomechanical,"biomechanical style {prompt} . blend of organic and mechanical elements, futuristic, cybernetic, detailed, intricate","natural, rustic, primitive, organic, simplistic"
futuristic-biomechanical cyberpunk,"biomechanical cyberpunk {prompt} . cybernetics, human-machine fusion, dystopian, organic meets artificial, dark, intricate, highly detailed","natural, colorful, deformed, sketch, low contrast, watercolor"
futuristic-cybernetic,"cybernetic style {prompt} . futuristic, technological, cybernetic enhancements, robotics, artificial intelligence themes","ugly, deformed, noisy, blurry, low contrast, realism, photorealistic, historical, medieval"
futuristic-cybernetic robot,"cybernetic robot {prompt} . android, AI, machine, metal, wires, tech, futuristic, highly detailed","organic, natural, human, sketch, watercolor, low contrast"
futuristic-cyberpunk cityscape,"cyberpunk cityscape {prompt} . neon lights, dark alleys, skyscrapers, futuristic, vibrant colors, high contrast, highly detailed","natural, rural, deformed, low contrast, black and white, sketch, watercolor"
futuristic-futuristic,"futuristic style {prompt} . sleek, modern, ultramodern, high tech, detailed","ugly, deformed, noisy, blurry, low contrast, realism, photorealistic, vintage, antique"
futuristic-retro cyberpunk,"retro cyberpunk {prompt} . 80's inspired, synthwave, neon, vibrant, detailed, retro futurism","modern, desaturated, black and white, realism, low contrast"
futuristic-retro futurism,"retro-futuristic {prompt} . vintage sci-fi, 50s and 60s style, atomic age, vibrant, highly detailed","contemporary, realistic, rustic, primitive"
futuristic-sci-fi,"sci-fi style {prompt} . futuristic, technological, alien worlds, space themes, advanced civilizations","ugly, deformed, noisy, blurry, low contrast, realism, photorealistic, historical, medieval"
futuristic-vaporwave,"vaporwave style {prompt} . retro aesthetic, cyberpunk, vibrant, neon colors, vintage 80s and 90s style, highly detailed","monochrome, muted colors, realism, rustic, minimalist, dark"
game-bubble bobble,"Bubble Bobble style {prompt} . 8-bit, cute, pixelated, fantasy, vibrant, reminiscent of Bubble Bobble game","realistic, modern, photorealistic, violent, horror"
game-cyberpunk game,"cyberpunk game style {prompt} . neon, dystopian, futuristic, digital, vibrant, detailed, high contrast, reminiscent of cyberpunk genre video games","historical, natural, rustic, low detailed"
game-fighting game,"fighting game style {prompt} . dynamic, vibrant, action-packed, detailed character design, reminiscent of fighting video games","peaceful, calm, minimalist, photorealistic"
game-gta,"GTA-style artwork {prompt} . satirical, exaggerated, pop art style, vibrant colors, iconic characters, action-packed","realistic, black and white, low contrast, impressionist, cubist, noisy, blurry, deformed"
game-mario,"Super Mario style {prompt} . vibrant, cute, cartoony, fantasy, playful, reminiscent of Super Mario series","realistic, modern, horror, dystopian, violent"
game-minecraft,"Minecraft style {prompt} . blocky, pixelated, vibrant colors, recognizable characters and objects, game assets","smooth, realistic, detailed, photorealistic, noise, blurry, deformed"
game-pokemon,"Pokmon style {prompt} . vibrant, cute, anime, fantasy, reminiscent of Pokmon series","realistic, modern, horror, dystopian, violent"
game-retro arcade,"retro arcade style {prompt} . 8-bit, pixelated, vibrant, classic video game, old school gaming, reminiscent of 80s and 90s arcade games","modern, ultra-high resolution, photorealistic, 3D"
game-retro game,"retro game art {prompt} . 16-bit, vibrant colors, pixelated, nostalgic, charming, fun","realistic, photorealistic, 35mm film, deformed, glitch, low contrast, noisy"
game-rpg fantasy game,"role-playing game (RPG) style fantasy {prompt} . detailed, vibrant, immersive, reminiscent of high fantasy RPG games","sci-fi, modern, urban, futuristic, low detailed"
game-strategy game,"strategy game style {prompt} . overhead view, detailed map, units, reminiscent of real-time strategy video games","first-person view, modern, photorealistic"
game-streetfighter,"Street Fighter style {prompt} . vibrant, dynamic, arcade, 2D fighting game, highly detailed, reminiscent of Street Fighter series","3D, realistic, modern, photorealistic, turn-based strategy"
game-zelda,"Legend of Zelda style {prompt} . vibrant, fantasy, detailed, epic, heroic, reminiscent of The Legend of Zelda series","sci-fi, modern, realistic, horror"
misc-architectural,"architectural style {prompt} . clean lines, geometric shapes, minimalist, modern, architectural drawing, highly detailed","curved lines, ornate, baroque, abstract, grunge"
misc-disco,"disco-themed {prompt} . vibrant, groovy, retro 70s style, shiny disco balls, neon lights, dance floor, highly detailed","minimalist, rustic, monochrome, contemporary, simplistic"
misc-dreamscape,"dreamscape {prompt} . surreal, ethereal, dreamy, mysterious, fantasy, highly detailed","realistic, concrete, ordinary, mundane"
misc-dystopian,"dystopian style {prompt} . bleak, post-apocalyptic, somber, dramatic, highly detailed","ugly, deformed, noisy, blurry, low contrast, cheerful, optimistic, vibrant, colorful"
misc-fairy tale,"fairy tale {prompt} . magical, fantastical, enchanting, storybook style, highly detailed","realistic, modern, ordinary, mundane"
misc-gothic,"gothic style {prompt} . dark, mysterious, haunting, dramatic, ornate, detailed","ugly, deformed, noisy, blurry, low contrast, realism, photorealistic, cheerful, optimistic"
misc-grunge,"grunge style {prompt} . textured, distressed, vintage, edgy, punk rock vibe, dirty, noisy","smooth, clean, minimalist, sleek, modern, photorealistic"
misc-horror,"horror-themed {prompt} . eerie, unsettling, dark, spooky, suspenseful, grim, highly detailed","cheerful, bright, vibrant, light-hearted, cute"
misc-kawaii,"kawaii style {prompt} . cute, adorable, brightly colored, cheerful, anime influence, highly detailed","dark, scary, realistic, monochrome, abstract"
misc-lovecraftian,"lovecraftian horror {prompt} . eldritch, cosmic horror, unknown, mysterious, surreal, highly detailed","light-hearted, mundane, familiar, simplistic, realistic"
misc-macabre,"macabre style {prompt} . dark, gothic, grim, haunting, highly detailed","bright, cheerful, light-hearted, cartoonish, cute"
misc-manga,"manga style {prompt} . vibrant, high-energy, detailed, iconic, Japanese comic style","ugly, deformed, noisy, blurry, low contrast, realism, photorealistic, Western comic style"
misc-metropolis,"metropolis-themed {prompt} . urban, cityscape, skyscrapers, modern, futuristic, highly detailed","rural, natural, rustic, historical, simple"
misc-minimalist,"minimalist style {prompt} . simple, clean, uncluttered, modern, elegant","ornate, complicated, highly detailed, cluttered, disordered, messy, noisy"
misc-monochrome,"monochrome {prompt} . black and white, contrast, tone, texture, detailed","colorful, vibrant, noisy, blurry, deformed"
misc-nautical,"nautical-themed {prompt} . sea, ocean, ships, maritime, beach, marine life, highly detailed","landlocked, desert, mountains, urban, rustic"
misc-space,"space-themed {prompt} . cosmic, celestial, stars, galaxies, nebulas, planets, science fiction, highly detailed","earthly, mundane, ground-based, realism"
misc-stained glass,"stained glass style {prompt} . vibrant, beautiful, translucent, intricate, detailed","ugly, deformed, noisy, blurry, low contrast, realism, photorealistic"
misc-techwear fashion,"techwear fashion {prompt} . futuristic, cyberpunk, urban, tactical, sleek, dark, highly detailed","vintage, rural, colorful, low contrast, realism, sketch, watercolor"
misc-tribal,"tribal style {prompt} . indigenous, ethnic, traditional patterns, bold, natural colors, highly detailed","modern, futuristic, minimalist, pastel"
misc-zentangle,"zentangle {prompt} . intricate, abstract, monochrome, patterns, meditative, highly detailed","colorful, representative, simplistic, large fields of color"
papercraft-collage,"collage style {prompt} . mixed media, layered, textural, detailed, artistic","ugly, deformed, noisy, blurry, low contrast, realism, photorealistic"
papercraft-flat papercut,"flat papercut style {prompt} . silhouette, clean cuts, paper, sharp edges, minimalist, color block","3D, high detail, noise, grainy, blurry, painting, drawing, photo, disfigured"
papercraft-kirigami,"kirigami representation of {prompt} . 3D, paper folding, paper cutting, Japanese, intricate, symmetrical, precision, clean lines","painting, drawing, 2D, noisy, blurry, deformed"
papercraft-paper mache,"paper mache representation of {prompt} . 3D, sculptural, textured, handmade, vibrant, fun","2D, flat, photo, sketch, digital art, deformed, noisy, blurry"
papercraft-paper quilling,"paper quilling art of {prompt} . intricate, delicate, curling, rolling, shaping, coiling, loops, 3D, dimensional, ornamental","photo, painting, drawing, 2D, flat, deformed, noisy, blurry"
papercraft-papercut collage,"papercut collage of {prompt} . mixed media, textured paper, overlapping, asymmetrical, abstract, vibrant","photo, 3D, realistic, drawing, painting, high detail, disfigured"
papercraft-papercut shadow box,"3D papercut shadow box of {prompt} . layered, dimensional, depth, silhouette, shadow, papercut, handmade, high contrast","painting, drawing, photo, 2D, flat, high detail, blurry, noisy, disfigured"
papercraft-stacked papercut,"stacked papercut art of {prompt} . 3D, layered, dimensional, depth, precision cut, stacked layers, papercut, high contrast","2D, flat, noisy, blurry, painting, drawing, photo, deformed"
papercraft-thick layered papercut,"thick layered papercut art of {prompt} . deep 3D, volumetric, dimensional, depth, thick paper, high stack, heavy texture, tangible layers","2D, flat, thin paper, low stack, smooth texture, painting, drawing, photo, deformed"
photo-alien,"alien-themed {prompt} . extraterrestrial, cosmic, otherworldly, mysterious, sci-fi, highly detailed","earthly, mundane, common, realistic, simple"
photo-film noir,"film noir style {prompt} . monochrome, high contrast, dramatic shadows, 1940s style, mysterious, cinematic","ugly, deformed, noisy, blurry, low contrast, realism, photorealistic, vibrant, colorful"
photo-glamour,"glamorous photo {prompt} . high fashion, luxurious, extravagant, stylish, sensual, opulent, elegance, stunning beauty, professional, high contrast, detailed","ugly, deformed, noisy, blurry, distorted, grainy, sketch, low contrast, dull, plain, modest"
photo-hdr,"HDR photo of {prompt} . High dynamic range, vivid, rich details, clear shadows and highlights, realistic, intense, enhanced contrast, highly detailed","flat, low contrast, oversaturated, underexposed, overexposed, blurred, noisy"
photo-iphone photographic,"iphone photo {prompt} . large depth of field, deep depth of field, highly detailed","drawing, painting, crayon, sketch, graphite, impressionist, noisy, blurry, soft, deformed, ugly, shallow depth of field, bokeh"
photo-long exposure,"long exposure photo of {prompt} . Blurred motion, streaks of light, surreal, dreamy, ghosting effect, highly detailed","static, noisy, deformed, shaky, abrupt, flat, low contrast"
photo-neon noir,"neon noir {prompt} . cyberpunk, dark, rainy streets, neon signs, high contrast, low light, vibrant, highly detailed","bright, sunny, daytime, low contrast, black and white, sketch, watercolor"
photo-silhouette,"silhouette style {prompt} . high contrast, minimalistic, black and white, stark, dramatic","ugly, deformed, noisy, blurry, low contrast, color, realism, photorealistic"
photo-tilt-shift,"tilt-shift photo of {prompt} . selective focus, miniature effect, blurred background, highly detailed, vibrant, perspective control","blurry, noisy, deformed, flat, low contrast, unrealistic, oversaturated, underexposed"
